Interest Inflation Gap,Average Pay,Employment Rate
1.724823333,42.74144667,70.35147333
1.76513,43.19196333,70.30986667
1.785936667,43.32317333,70.23397
1.734256667,42.83898,70.18184667
1.705636667,43.09429,70.16391
1.666133333,43.20924667,70.27738667
1.609346667,43.75266667,70.22378333
1.631706667,44.35024667,70.24714
1.678046667,43.80729667,70.18883667
1.689433333,43.94626667,70.10854333
1.702796667,44.32713667,70.14112333